Plot no,Weather_file_no
1,weather_0001
2,weather_0002
3,weather_0003
4,weather_0004
5,weather_0005
6,weather_0006
7,weather_0007
8,weather_0008
9,weather_0009
10,weather_0010
11,weather_0011
12,weather_0012
13,weather_0013
14,weather_0014
15,weather_0015
16,weather_0016
17,weather_0017
18,weather_0018
19,weather_0019
20,weather_0020
21,weather_0021
22,weather_0022
23,weather_0023
24,weather_0024
25,weather_0025
26,weather_0026
27,weather_0027
28,weather_0028
29,weather_0029
30,weather_0030
31,weather_0031
32,weather_0032
33,weather_0033
34,weather_0034
35,weather_0035
36,weather_0036
37,weather_0037
38,weather_0038
39,weather_0039
40,weather_0040
41,weather_0041
42,weather_0042
43,weather_0043
44,weather_0044
45,weather_0045
46,weather_0046
47,weather_0047
48,weather_0048
49,weather_0049
50,weather_0050
51,weather_0051
52,weather_0052
53,weather_0053
54,weather_0054
55,weather_0055
56,weather_0056
57,weather_0057
58,weather_0058
59,weather_0059
60,weather_0060
61,weather_0061
62,weather_0062
63,weather_0063
64,weather_0064
65,weather_0065
66,weather_0066
67,weather_0067
68,weather_0068
69,weather_0069
70,weather_0070
71,weather_0071
72,weather_0072
73,weather_0073
74,weather_0074
75,weather_0075
76,weather_0076
77,weather_0077
78,weather_0078
79,weather_0079
80,weather_0080
81,weather_0081
82,weather_0082
83,weather_0083
84,weather_0084
85,weather_0085
86,weather_0086
87,weather_0087
88,weather_0088
89,weather_0089
90,weather_0090
91,weather_0091
92,weather_0092
93,weather_0093
94,weather_0094
95,weather_0095
96,weather_0096
97,weather_0097
98,weather_0098
99,weather_0099
100,weather_0100
101,weather_0101
102,weather_0102
103,weather_0103
104,weather_0104
105,weather_0105
106,weather_0106
107,weather_0107
108,weather_0108
109,weather_0109
110,weather_0110
111,weather_0111
112,weather_0112
113,weather_0113
114,weather_0114
115,weather_0115
116,weather_0116
117,weather_0117
118,weather_0118
119,weather_0119
120,weather_0120
121,weather_0121
122,weather_0122
123,weather_0123
124,weather_0124
125,weather_0125
126,weather_0126
127,weather_0127
128,weather_0128
129,weather_0129
130,weather_0130
131,weather_0131
132,weather_0132
133,weather_0133
134,weather_0134
135,weather_0135
136,weather_0136
137,weather_0137
138,weather_0138
139,weather_0139
140,weather_0140
141,weather_0141
142,weather_0142
143,weather_0143
144,weather_0144
145,weather_0145
146,weather_0146
147,weather_0147
148,weather_0148
149,weather_0149
150,weather_0150
151,weather_0151
152,weather_0152
153,weather_0153
154,weather_0154
155,weather_0155
156,weather_0156
157,weather_0157
158,weather_0158
159,weather_0159
160,weather_0160
161,weather_0161
162,weather_0162
163,weather_0163
164,weather_0164
165,weather_0165
166,weather_0166
167,weather_0167
168,weather_0168
169,weather_0169
170,weather_0170
171,weather_0171
172,weather_0172
173,weather_0173
174,weather_0174
175,weather_0175
176,weather_0176
177,weather_0177
178,weather_0178
179,weather_0179
180,weather_0180
181,weather_0181
182,weather_0182
183,weather_0183
184,weather_0184
185,weather_0185
186,weather_0186
187,weather_0187
188,weather_0188
189,weather_0189
190,weather_0190
191,weather_0191
192,weather_0192
193,weather_0193
194,weather_0194
195,weather_0195
196,weather_0196
197,weather_0197
198,weather_0198
199,weather_0199
200,weather_0200
201,weather_0201
202,weather_0202
203,weather_0203
204,weather_0204
205,weather_0205
206,weather_0206
207,weather_0207
208,weather_0208
209,weather_0209
210,weather_0210
211,weather_0211
212,weather_0212
213,weather_0213
214,weather_0214
215,weather_0215
216,weather_0216
217,weather_0217
218,weather_0218
219,weather_0219
220,weather_0220
221,weather_0221
222,weather_0222
223,weather_0223
224,weather_0224
225,weather_0225
226,weather_0226
227,weather_0227
228,weather_0228
229,weather_0229
230,weather_0230
231,weather_0231
232,weather_0232
233,weather_0233
234,weather_0234
235,weather_0235
236,weather_0236
237,weather_0237
238,weather_0238
239,weather_0239
240,weather_0240
241,weather_0241
242,weather_0242
243,weather_0243
244,weather_0244
245,weather_0245
246,weather_0246
247,weather_0247
248,weather_0248
249,weather_0249
250,weather_0250
251,weather_0251
252,weather_0252
253,weather_0253
254,weather_0254
255,weather_0255
256,weather_0256
257,weather_0257
258,weather_0258
259,weather_0259
260,weather_0260
261,weather_0261
262,weather_0262
263,weather_0263
264,weather_0264
265,weather_0265
266,weather_0266
267,weather_0267
268,weather_0268
269,weather_0269
270,weather_0270
271,weather_0271
272,weather_0272
273,weather_0273
274,weather_0274
275,weather_0275
276,weather_0276
277,weather_0277
278,weather_0278
279,weather_0279
280,weather_0280
281,weather_0281
282,weather_0282
283,weather_0283
284,weather_0284
285,weather_0285
286,weather_0286
287,weather_0287
288,weather_0288
289,weather_0289
290,weather_0290
291,weather_0291
292,weather_0292
293,weather_0293
294,weather_0294
295,weather_0295
296,weather_0296
297,weather_0297
298,weather_0298
299,weather_0299
300,weather_0300
301,weather_0301
302,weather_0302
303,weather_0303
304,weather_0304
305,weather_0305
306,weather_0306
307,weather_0307
308,weather_0308
309,weather_0309
310,weather_0310
311,weather_0311
312,weather_0312
313,weather_0313
314,weather_0314
315,weather_0315
316,weather_0316
317,weather_0317
318,weather_0318
319,weather_0319
320,weather_0320
321,weather_0321
322,weather_0322
323,weather_0323
324,weather_0324
325,weather_0325
326,weather_0326
327,weather_0327
328,weather_0328
329,weather_0329
330,weather_0330
331,weather_0331
332,weather_0332
333,weather_0333
334,weather_0334
335,weather_0335
336,weather_0336
337,weather_0337
338,weather_0338
339,weather_0339
340,weather_0340
341,weather_0341
342,weather_0342
343,weather_0343
344,weather_0344
345,weather_0345
346,weather_0346
347,weather_0347
348,weather_0348
349,weather_0349
350,weather_0350
351,weather_0351
352,weather_0352
353,weather_0353
354,weather_0354
355,weather_0355
356,weather_0356
357,weather_0357
358,weather_0358
359,weather_0359
360,weather_0360
361,weather_0361
362,weather_0362
363,weather_0363
364,weather_0364
365,weather_0365
366,weather_0366
367,weather_0367
368,weather_0368
369,weather_0369
370,weather_0370
371,weather_0371
372,weather_0372
373,weather_0373
374,weather_0374
375,weather_0375
376,weather_0376
377,weather_0377
378,weather_0378
379,weather_0379
380,weather_0380
381,weather_0381
382,weather_0382
383,weather_0383
384,weather_0384
385,weather_0385
386,weather_0386
387,weather_0387
388,weather_0388
389,weather_0389
390,weather_0390
391,weather_0391
392,weather_0392
393,weather_0393
394,weather_0394
395,weather_0395
396,weather_0396
397,weather_0397
398,weather_0398
399,weather_0399
400,weather_0400
401,weather_0401
402,weather_0402
403,weather_0403
404,weather_0404
405,weather_0405
406,weather_0406
407,weather_0407
408,weather_0408
409,weather_0409
410,weather_0410
411,weather_0411
412,weather_0412
413,weather_0413
414,weather_0414
415,weather_0415
416,weather_0416
417,weather_0417
418,weather_0418
419,weather_0419
420,weather_0420
421,weather_0421
422,weather_0422
423,weather_0423
424,weather_0424
425,weather_0425
426,weather_0426
427,weather_0427
428,weather_0428
429,weather_0429
430,weather_0430
431,weather_0431
432,weather_0432
433,weather_0433
434,weather_0434
435,weather_0435
436,weather_0436
437,weather_0437
438,weather_0438
439,weather_0439
440,weather_0440
441,weather_0441
442,weather_0442
443,weather_0443
444,weather_0444
445,weather_0445
446,weather_0446
447,weather_0447
448,weather_0448
449,weather_0449
450,weather_0450
451,weather_0451
452,weather_0452
453,weather_0453
454,weather_0454
455,weather_0455
456,weather_0456
457,weather_0457
458,weather_0458
459,weather_0459
460,weather_0460
461,weather_0461
462,weather_0462
463,weather_0463
464,weather_0464
465,weather_0465
466,weather_0466
467,weather_0467
468,weather_0468
469,weather_0469
470,weather_0470
471,weather_0471
472,weather_0472
473,weather_0473
474,weather_0474
475,weather_0475
476,weather_0476
477,weather_0477
478,weather_0478
479,weather_0479
480,weather_0480
481,weather_0481
482,weather_0482
483,weather_0483
484,weather_0484
485,weather_0485
486,weather_0486
487,weather_0487
488,weather_0488
489,weather_0489
490,weather_0490
491,weather_0491
492,weather_0492
493,weather_0493
494,weather_0494
495,weather_0495
496,weather_0496
497,weather_0497
498,weather_0498
499,weather_0499
500,weather_0500
501,weather_0501
502,weather_0502
503,weather_0503
504,weather_0504
505,weather_0505
506,weather_0506
507,weather_0507
508,weather_0508
509,weather_0509
510,weather_0510
511,weather_0511
512,weather_0512
513,weather_0513
514,weather_0514
515,weather_0515
516,weather_0516
517,weather_0517
518,weather_0518
519,weather_0519
520,weather_0520
521,weather_0521
522,weather_0522
523,weather_0523
524,weather_0524
525,weather_0525
526,weather_0526
527,weather_0527
528,weather_0528
529,weather_0529
530,weather_0530
531,weather_0531
532,weather_0532
533,weather_0533
534,weather_0534
535,weather_0535
536,weather_0536
537,weather_0537
538,weather_0538
539,weather_0539
540,weather_0540
541,weather_0541
542,weather_0542
543,weather_0543
544,weather_0544
545,weather_0545
546,weather_0546
547,weather_0547
548,weather_0548
549,weather_0549
550,weather_0550
551,weather_0551
552,weather_0552
553,weather_0553
554,weather_0554
555,weather_0555
556,weather_0556
557,weather_0557
558,weather_0558
559,weather_0559
560,weather_0560
561,weather_0561
562,weather_0562
563,weather_0563
564,weather_0564
565,weather_0565
566,weather_0566
567,weather_0567
568,weather_0568
569,weather_0569
570,weather_0570
571,weather_0571
572,weather_0572
573,weather_0573
574,weather_0574
575,weather_0575
576,weather_0576
577,weather_0577
578,weather_0578
579,weather_0579
580,weather_0580
581,weather_0581
582,weather_0582
583,weather_0583
584,weather_0584
585,weather_0585
586,weather_0586
587,weather_0587
588,weather_0588
589,weather_0589
590,weather_0590
591,weather_0591
592,weather_0592
593,weather_0593
594,weather_0594
595,weather_0595
596,weather_0596
597,weather_0597
598,weather_0598
599,weather_0599
600,weather_0600
601,weather_0601
602,weather_0602
603,weather_0603
604,weather_0604
605,weather_0605
606,weather_0606
607,weather_0607
608,weather_0608
609,weather_0609
610,weather_0610
611,weather_0611
612,weather_0612
613,weather_0613
614,weather_0614
615,weather_0615
616,weather_0616
617,weather_0617
618,weather_0618
619,weather_0619
620,weather_0620
621,weather_0621
622,weather_0622
623,weather_0623
624,weather_0624
625,weather_0625
626,weather_0626
627,weather_0627
628,weather_0628
629,weather_0629
630,weather_0630
631,weather_0631
632,weather_0632
633,weather_0633
634,weather_0634
635,weather_0635
636,weather_0636
637,weather_0637
638,weather_0638
639,weather_0639
640,weather_0640
641,weather_0641
642,weather_0642
643,weather_0643
644,weather_0644
645,weather_0645
646,weather_0646
647,weather_0647
648,weather_0648
649,weather_0649
650,weather_0650
651,weather_0651
652,weather_0652
653,weather_0653
654,weather_0654
655,weather_0655
656,weather_0656
657,weather_0657
658,weather_0658
659,weather_0659
660,weather_0660
661,weather_0661
662,weather_0662
663,weather_0663
664,weather_0664
665,weather_0665
666,weather_0666
667,weather_0667
668,weather_0668
669,weather_0669
670,weather_0670
671,weather_0671
672,weather_0672
673,weather_0673
674,weather_0674
675,weather_0675
676,weather_0676
677,weather_0677
678,weather_0678
679,weather_0679
680,weather_0680
681,weather_0681
682,weather_0682
683,weather_0683
684,weather_0684
685,weather_0685
686,weather_0686
687,weather_0687
688,weather_0688
689,weather_0689
690,weather_0690
691,weather_0691
692,weather_0692
693,weather_0693
694,weather_0694
695,weather_0695
696,weather_0696
697,weather_0697
698,weather_0698
699,weather_0699
700,weather_0700
701,weather_0701
702,weather_0702
703,weather_0703
704,weather_0704
705,weather_0705
706,weather_0706
707,weather_0707
708,weather_0708
709,weather_0709
710,weather_0710
711,weather_0711
712,weather_0712
713,weather_0713
714,weather_0714
715,weather_0715
716,weather_0716
717,weather_0717
718,weather_0718
719,weather_0719
720,weather_0720
721,weather_0721
722,weather_0722
723,weather_0723
724,weather_0724
725,weather_0725
726,weather_0726
727,weather_0727
728,weather_0728
729,weather_0729
730,weather_0730
731,weather_0731
732,weather_0732
733,weather_0733
734,weather_0734
735,weather_0735
736,weather_0736
737,weather_0737
738,weather_0738
739,weather_0739
740,weather_0740
741,weather_0741
742,weather_0742
743,weather_0743
744,weather_0744
745,weather_0745
746,weather_0746
747,weather_0747
748,weather_0748
749,weather_0749
750,weather_0750
751,weather_0751
752,weather_0752
753,weather_0753
754,weather_0754
755,weather_0755
756,weather_0756
757,weather_0757
758,weather_0758
759,weather_0759
760,weather_0760
761,weather_0761
762,weather_0762
763,weather_0763
764,weather_0764
765,weather_0765
766,weather_0766
767,weather_0767
768,weather_0768
769,weather_0769
770,weather_0770
771,weather_0771
772,weather_0772
773,weather_0773
774,weather_0774
775,weather_0775
776,weather_0776
777,weather_0777
778,weather_0778
779,weather_0779
780,weather_0780
781,weather_0781
782,weather_0782
783,weather_0783
784,weather_0784
785,weather_0785
786,weather_0786
787,weather_0787
788,weather_0788
789,weather_0789
790,weather_0790
791,weather_0791
792,weather_0792
793,weather_0793
794,weather_0794
795,weather_0795
796,weather_0796
797,weather_0797
798,weather_0798
799,weather_0799
800,weather_0800
801,weather_0801
802,weather_0802
803,weather_0803
804,weather_0804
805,weather_0805
806,weather_0806
807,weather_0807
808,weather_0808
809,weather_0809
810,weather_0810
811,weather_0811
812,weather_0812
813,weather_0813
814,weather_0814
815,weather_0815
816,weather_0816
817,weather_0817
818,weather_0818
819,weather_0819
820,weather_0820
821,weather_0821
822,weather_0822
823,weather_0823
824,weather_0824
825,weather_0825
826,weather_0826
827,weather_0827
828,weather_0828
829,weather_0829
830,weather_0830
831,weather_0831
832,weather_0832
833,weather_0833
834,weather_0834
835,weather_0835
836,weather_0836
837,weather_0837
838,weather_0838
839,weather_0839
840,weather_0840
841,weather_0841
842,weather_0842
843,weather_0843
844,weather_0844
845,weather_0845
846,weather_0846
847,weather_0847
848,weather_0848
849,weather_0849
850,weather_0850
851,weather_0851
852,weather_0852
853,weather_0853
854,weather_0854
855,weather_0855
856,weather_0856
857,weather_0857
858,weather_0858
859,weather_0859
860,weather_0860
861,weather_0861
862,weather_0862
863,weather_0863
864,weather_0864
865,weather_0865
866,weather_0866
867,weather_0867
868,weather_0868
869,weather_0869
870,weather_0870
871,weather_0871
872,weather_0872
873,weather_0873
874,weather_0874
875,weather_0875
876,weather_0876
877,weather_0877
878,weather_0878
879,weather_0879
880,weather_0880
881,weather_0881
882,weather_0882
883,weather_0883
884,weather_0884
885,weather_0885
886,weather_0886
887,weather_0887
888,weather_0888
889,weather_0889
890,weather_0890
891,weather_0891
892,weather_0892
893,weather_0893
894,weather_0894
895,weather_0895
896,weather_0896
897,weather_0897
898,weather_0898
899,weather_0899
900,weather_0900
901,weather_0901
902,weather_0902
903,weather_0903
904,weather_0904
905,weather_0905
906,weather_0906
907,weather_0907
908,weather_0908
909,weather_0909
910,weather_0910
911,weather_0911
912,weather_0912
913,weather_0913
914,weather_0914
915,weather_0915
916,weather_0916
917,weather_0917
918,weather_0918
919,weather_0919
920,weather_0920
921,weather_0921
922,weather_0922
923,weather_0923
924,weather_0924
925,weather_0925
926,weather_0926
927,weather_0927
928,weather_0928
929,weather_0929
930,weather_0930
931,weather_0931
932,weather_0932
933,weather_0933
934,weather_0934
935,weather_0935
936,weather_0936
937,weather_0937
938,weather_0938
939,weather_0939
940,weather_0940
941,weather_0941
942,weather_0942
943,weather_0943
944,weather_0944
945,weather_0945
946,weather_0946
947,weather_0947
948,weather_0948
949,weather_0949
950,weather_0950
951,weather_0951
952,weather_0952
953,weather_0953
954,weather_0954
955,weather_0955
956,weather_0956
957,weather_0957
958,weather_0958
959,weather_0959
960,weather_0960
961,weather_0961
962,weather_0962
963,weather_0963
964,weather_0964
965,weather_0965
966,weather_0966
967,weather_0967
968,weather_0968
969,weather_0969
970,weather_0970
971,weather_0971
972,weather_0972
973,weather_0973
974,weather_0974
975,weather_0975
976,weather_0976
977,weather_0977
978,weather_0978
979,weather_0979
980,weather_0980
981,weather_0981
982,weather_0982
983,weather_0983
984,weather_0984
985,weather_0985
986,weather_0986
987,weather_0987
988,weather_0988
989,weather_0989
990,weather_0990
991,weather_0991
992,weather_0992
993,weather_0993
994,weather_0994
995,weather_0995
996,weather_0996
997,weather_0997
998,weather_0998
999,weather_0999
1000,weather_1000
1001,weather_1001
1002,weather_1002
1003,weather_1003
1004,weather_1004
1005,weather_1005
1006,weather_1006
1007,weather_1007
1008,weather_1008
1009,weather_1009
1010,weather_1010
1011,weather_1011
1012,weather_1012
1013,weather_1013
1014,weather_1014
1015,weather_1015
1016,weather_1016
1017,weather_1017
1018,weather_1018
1019,weather_1019
1020,weather_1020
1021,weather_1021
1022,weather_1022
1023,weather_1023
1024,weather_1024
1025,weather_1025
1026,weather_1026
1027,weather_1027
1028,weather_1028
1029,weather_1029
1030,weather_1030
1031,weather_1031
1032,weather_1032
1033,weather_1033
1034,weather_1034
1035,weather_1035
1036,weather_1036
1037,weather_1037
1038,weather_1038
1039,weather_1039
1040,weather_1040
1041,weather_1041
1042,weather_1042
1043,weather_1043
1044,weather_1044
1045,weather_1045
1046,weather_1046
1047,weather_1047
1048,weather_1048
1049,weather_1049
1050,weather_1050
1051,weather_1051
1052,weather_1052
1053,weather_1053
1054,weather_1054
1055,weather_1055
1056,weather_1056
1057,weather_1057
1058,weather_1058
1059,weather_1059
1060,weather_1060
1061,weather_1061
1062,weather_1062
1063,weather_1063
1064,weather_1064
1065,weather_1065
1066,weather_1066
1067,weather_1067
1068,weather_1068
1069,weather_1069
1070,weather_1070
1071,weather_1071
1072,weather_1072
1073,weather_1073
1074,weather_1074
1075,weather_1075
1076,weather_1076
1077,weather_1077
1078,weather_1078
1079,weather_1079
1080,weather_1080
1081,weather_1081
1082,weather_1082
1083,weather_1083
1084,weather_1084
1085,weather_1085
1086,weather_1086
1087,weather_1087
1088,weather_1088
1089,weather_1089
1090,weather_1090
1091,weather_1091
1092,weather_1092
1093,weather_1093
1094,weather_1094
1095,weather_1095
1096,weather_1096
1097,weather_1097
1098,weather_1098
1099,weather_1099
1100,weather_1100
1101,weather_1101
1102,weather_1102
1103,weather_1103
1104,weather_1104
1105,weather_1105
1106,weather_1106
1107,weather_1107
1108,weather_1108
1109,weather_1109
1110,weather_1110
1111,weather_1111
1112,weather_1112
1113,weather_1113
1114,weather_1114
1115,weather_1115
1116,weather_1116
1117,weather_1117
1118,weather_1118
1119,weather_1119
1120,weather_1120
1121,weather_1121
1122,weather_1122
1123,weather_1123
1124,weather_1124
1125,weather_1125
1126,weather_1126
1127,weather_1127
1128,weather_1128
1129,weather_1129
1130,weather_1130
1131,weather_1131
1132,weather_1132
1133,weather_1133
1134,weather_1134
1135,weather_1135
1136,weather_1136
1137,weather_1137
1138,weather_1138
1139,weather_1139
1140,weather_1140
1141,weather_1141
1142,weather_1142
1143,weather_1143
1144,weather_1144
1145,weather_1145
1146,weather_1146
1147,weather_1147
1148,weather_1148
1149,weather_1149
1150,weather_1150
1151,weather_1151
1152,weather_1152
1153,weather_1153
1154,weather_1154
1155,weather_1155
1156,weather_1156
1157,weather_1157
1158,weather_1158
1159,weather_1159
1160,weather_1160
1161,weather_1161
1162,weather_1162
1163,weather_1163
1164,weather_1164
1165,weather_1165
1166,weather_1166
1167,weather_1167
1168,weather_1168
1169,weather_1169
1170,weather_1170
1171,weather_1171
1172,weather_1172
1173,weather_1173
1174,weather_1174
1175,weather_1175
1176,weather_1176
1177,weather_1177
1178,weather_1178
1179,weather_1179
1180,weather_1180
1181,weather_1181
1182,weather_1182
1183,weather_1183
1184,weather_1184
1185,weather_1185
1186,weather_1186
1187,weather_1187
1188,weather_1188
1189,weather_1189
1190,weather_1190
1191,weather_1191
1192,weather_1192
1193,weather_1193
1194,weather_1194
1195,weather_1195
1196,weather_1196
1197,weather_1197
1198,weather_1198
1199,weather_1199
1200,weather_1200
1201,weather_1201
1202,weather_1202
1203,weather_1203
1204,weather_1204
1205,weather_1205
1206,weather_1206
1207,weather_1207
1208,weather_1208
1209,weather_1209
1210,weather_1210
1211,weather_1211
1212,weather_1212
1213,weather_1213
1214,weather_1214
1215,weather_1215
1216,weather_1216
1217,weather_1217
1218,weather_1218
1219,weather_1219
1220,weather_1220
1221,weather_1221
1222,weather_1222
1223,weather_1223
1224,weather_1224
1225,weather_1225
1226,weather_1226
1227,weather_1227
1228,weather_1228
1229,weather_1229
1230,weather_1230
1231,weather_1231
1232,weather_1232
1233,weather_1233
1234,weather_1234
1235,weather_1235
1236,weather_1236
1237,weather_1237
1238,weather_1238
1239,weather_1239
1240,weather_1240
1241,weather_1241
1242,weather_1242
1243,weather_1243
1244,weather_1244
1245,weather_1245
1246,weather_1246
1247,weather_1247
1248,weather_1248
1249,weather_1249
1250,weather_1250
1251,weather_1251
1252,weather_1252
1253,weather_1253
1254,weather_1254
1255,weather_1255
1256,weather_1256
1257,weather_1257
1258,weather_1258
1259,weather_1259
1260,weather_1260
1261,weather_1261
1262,weather_1262
1263,weather_1263
1264,weather_1264
1265,weather_1265
1266,weather_1266
1267,weather_1267
1268,weather_1268
1269,weather_1269
1270,weather_1270
1271,weather_1271
1272,weather_1272
1273,weather_1273
1274,weather_1274
1275,weather_1275
1276,weather_1276
1277,weather_1277
1278,weather_1278
1279,weather_1279
1280,weather_1280
1281,weather_1281
1282,weather_1282
1283,weather_1283
1284,weather_1284
1285,weather_1285
1286,weather_1286
1287,weather_1287
1288,weather_1288
1289,weather_1289
1290,weather_1290
1291,weather_1291
1292,weather_1292
1293,weather_1293
1294,weather_1294
1295,weather_1295
1296,weather_1296
1297,weather_1297
1298,weather_1298
1299,weather_1299
1300,weather_1300
1301,weather_1301
1302,weather_1302
1303,weather_1303
1304,weather_1304
1305,weather_1305
1306,weather_1306
1307,weather_1307
1308,weather_1308
1309,weather_1309
1310,weather_1310
1311,weather_1311
1312,weather_1312
1313,weather_1313
1314,weather_1314
1315,weather_1315
1316,weather_1316
1317,weather_1317
1318,weather_1318
1319,weather_1319
1320,weather_1320
1321,weather_1321
1322,weather_1322
1323,weather_1323
1324,weather_1324
1325,weather_1325
1326,weather_1326
1327,weather_1327
1328,weather_1328
1329,weather_1329
1330,weather_1330
1331,weather_1331
1332,weather_1332
1333,weather_1333
1334,weather_1334
1335,weather_1335
1336,weather_1336
1337,weather_1337
1338,weather_1338
1339,weather_1339
1340,weather_1340
1341,weather_1341
1342,weather_1342
1343,weather_1343
1344,weather_1344
1345,weather_1345
1346,weather_1346
1347,weather_1347
1348,weather_1348
1349,weather_1349
1350,weather_1350
1351,weather_1351
1352,weather_1352
1353,weather_1353
1354,weather_1354
1355,weather_1355
1356,weather_1356
1357,weather_1357
1358,weather_1358
1359,weather_1359
1360,weather_1360
1361,weather_1361
1362,weather_1362
1363,weather_1363
1364,weather_1364
1365,weather_1365
1366,weather_1366
1367,weather_1367
1368,weather_1368
1369,weather_1369
1370,weather_1370
1371,weather_1371
1372,weather_1372
1373,weather_1373
1374,weather_1374
1375,weather_1375
1376,weather_1376
1377,weather_1377
1378,weather_1378
1379,weather_1379
1380,weather_1380
1381,weather_1381
1382,weather_1382
1383,weather_1383
1384,weather_1384
1385,weather_1385
1386,weather_1386
1387,weather_1387
1388,weather_1388
1389,weather_1389
1390,weather_1390
1391,weather_1391
1392,weather_1392
1393,weather_1393
1394,weather_1394
1395,weather_1395
1396,weather_1396
1397,weather_1397
1398,weather_1398
1399,weather_1399
1400,weather_1400
1401,weather_1401
1402,weather_1402
1403,weather_1403
1404,weather_1404
1405,weather_1405
1406,weather_1406
1407,weather_1407
1408,weather_1408
1409,weather_1409
1410,weather_1410
1411,weather_1411
1412,weather_1412
1413,weather_1413
1414,weather_1414
1415,weather_1415
1416,weather_1416
1417,weather_1417
1418,weather_1418
1419,weather_1419
1420,weather_1420
1421,weather_1421
1422,weather_1422
1423,weather_1423
1424,weather_1424
1425,weather_1425
1426,weather_1426
1427,weather_1427
1428,weather_1428
1429,weather_1429
1430,weather_1430
1431,weather_1431
1432,weather_1432
1433,weather_1433
1434,weather_1434
1435,weather_1435
1436,weather_1436
1437,weather_1437
1438,weather_1438
1439,weather_1439
1440,weather_1440
1441,weather_1441
1442,weather_1442
1443,weather_1443
1444,weather_1444
1445,weather_1445
1446,weather_1446
1447,weather_1447
1448,weather_1448
1449,weather_1449
1450,weather_1450
1451,weather_1451
1452,weather_1452
1453,weather_1453
1454,weather_1454
1455,weather_1455
1456,weather_1456
1457,weather_1457
1458,weather_1458
1459,weather_1459
1460,weather_1460
1461,weather_1461
1462,weather_1462
1463,weather_1463
1464,weather_1464
1465,weather_1465
1466,weather_1466
1467,weather_1467
1468,weather_1468
1469,weather_1469
1470,weather_1470
1471,weather_1471
1472,weather_1472
1473,weather_1473
1474,weather_1474
1475,weather_1475
1476,weather_1476
1477,weather_1477
1478,weather_1478
1479,weather_1479
1480,weather_1480
1481,weather_1481
1482,weather_1482
1483,weather_1483
1484,weather_1484
1485,weather_1485
1486,weather_1486
1487,weather_1487
1488,weather_1488
1489,weather_1489
1490,weather_1490
1491,weather_1491
1492,weather_1492
1493,weather_1493
1494,weather_1494
1495,weather_1495
1496,weather_1496
1497,weather_1497
1498,weather_1498
1499,weather_1499
1500,weather_1500
1501,weather_1501
1502,weather_1502
1503,weather_1503
1504,weather_1504
1505,weather_1505
1506,weather_1506
1507,weather_1507
1508,weather_1508
1509,weather_1509
1510,weather_1510
1511,weather_1511
1512,weather_1512
1513,weather_1513
1514,weather_1514
1515,weather_1515
1516,weather_1516
1517,weather_1517
1518,weather_1518
1519,weather_1519
1520,weather_1520
1521,weather_1521
1522,weather_1522
1523,weather_1523
1524,weather_1524
1525,weather_1525
1526,weather_1526
1527,weather_1527
1528,weather_1528
1529,weather_1529
1530,weather_1530
1531,weather_1531
1532,weather_1532
1533,weather_1533
1534,weather_1534
1535,weather_1535
1536,weather_1536
1537,weather_1537
1538,weather_1538
1539,weather_1539
1540,weather_1540
1541,weather_1541
1542,weather_1542
1543,weather_1543
1544,weather_1544
1545,weather_1545
1546,weather_1546
1547,weather_1547
1548,weather_1548
1549,weather_1549
1550,weather_1550
1551,weather_1551
1552,weather_1552
1553,weather_1553
1554,weather_1554
1555,weather_1555
1556,weather_1556
1557,weather_1557
1558,weather_1558
1559,weather_1559
1560,weather_1560
1561,weather_1561
1562,weather_1562
1563,weather_1563
1564,weather_1564
1565,weather_1565
1566,weather_1566
1567,weather_1567
1568,weather_1568
1569,weather_1569
1570,weather_1570
1571,weather_1571
1572,weather_1572
1573,weather_1573
1574,weather_1574
1575,weather_1575
1576,weather_1576
1577,weather_1577
1578,weather_1578
1579,weather_1579
1580,weather_1580
1581,weather_1581
1582,weather_1582
1583,weather_1583
1584,weather_1584
1585,weather_1585
1586,weather_1586
1587,weather_1587
1588,weather_1588
1589,weather_1589
1590,weather_1590
1591,weather_1591
1592,weather_1592
1593,weather_1593
1594,weather_1594
1595,weather_1595
1596,weather_1596
1597,weather_1597
1598,weather_1598
1599,weather_1599
1600,weather_1600
1601,weather_1601
1602,weather_1602
1603,weather_1603
1604,weather_1604
1605,weather_1605
1606,weather_1606
1607,weather_1607
1608,weather_1608
1609,weather_1609
1610,weather_1610
1611,weather_1611
1612,weather_1612
1613,weather_1613
1614,weather_1614
1615,weather_1615
1616,weather_1616
1617,weather_1617
1618,weather_1618
1619,weather_1619
1620,weather_1620
1621,weather_1621
1622,weather_1622
1623,weather_1623
1624,weather_1624
1625,weather_1625
1626,weather_1626
1627,weather_1627
1628,weather_1628
1629,weather_1629
1630,weather_1630
1631,weather_1631
1632,weather_1632
1633,weather_1633
1634,weather_1634
1635,weather_1635
1636,weather_1636
1637,weather_1637
1638,weather_1638
1639,weather_1639
1640,weather_1640
1641,weather_1641
1642,weather_1642
1643,weather_1643
1644,weather_1644
1645,weather_1645
1646,weather_1646
1647,weather_1647
1648,weather_1648
1649,weather_1649
1650,weather_1650
1651,weather_1651
1652,weather_1652
1653,weather_1653
1654,weather_1654
1655,weather_1655
1656,weather_1656
1657,weather_1657
1658,weather_1658
1659,weather_1659
1660,weather_1660
1661,weather_1661
1662,weather_1662
1663,weather_1663
1664,weather_1664
1665,weather_1665
1666,weather_1666
1667,weather_1667
1668,weather_1668
1669,weather_1669
1670,weather_1670
1671,weather_1671
1672,weather_1672
1673,weather_1673
1674,weather_1674
1675,weather_1675
1676,weather_1676
1677,weather_1677
1678,weather_1678
1679,weather_1679
1680,weather_1680
1681,weather_1681
1682,weather_1682
1683,weather_1683
1684,weather_1684
1685,weather_1685
1686,weather_1686
1687,weather_1687
1688,weather_1688
1689,weather_1689
1690,weather_1690
1691,weather_1691
1692,weather_1692
1693,weather_1693
1694,weather_1694
1695,weather_1695
1696,weather_1696
1697,weather_1697
1698,weather_1698
1699,weather_1699
1700,weather_1700
1701,weather_1701
1702,weather_1702
1703,weather_1703
1704,weather_1704
1705,weather_1705
1706,weather_1706
1707,weather_1707
1708,weather_1708
1709,weather_1709
1710,weather_1710
1711,weather_1711
1712,weather_1712
1713,weather_1713
1714,weather_1714
1715,weather_1715
1716,weather_1716
1717,weather_1717
1718,weather_1718
1719,weather_1719
1720,weather_1720
1721,weather_1721
1722,weather_1722
1723,weather_1723
1724,weather_1724
1725,weather_1725
1726,weather_1726
1727,weather_1727
1728,weather_1728
1729,weather_1729
1730,weather_1730
1731,weather_1731
1732,weather_1732
1733,weather_1733
1734,weather_1734
1735,weather_1735
1736,weather_1736
1737,weather_1737
1738,weather_1738
1739,weather_1739
1740,weather_1740
1741,weather_1741
1742,weather_1742
1743,weather_1743
1744,weather_1744
1745,weather_1745
1746,weather_1746
1747,weather_1747
1748,weather_1748
1749,weather_1749
1750,weather_1750
1751,weather_1751
1752,weather_1752
1753,weather_1753
1754,weather_1754
1755,weather_1755
1756,weather_1756
1757,weather_1757
1758,weather_1758
1759,weather_1759
1760,weather_1760
1761,weather_1761
1762,weather_1762
1763,weather_1763
1764,weather_1764
1765,weather_1765
1766,weather_1766
1767,weather_1767
1768,weather_1768
1769,weather_1769
1770,weather_1770
1771,weather_1771
1772,weather_1772
1773,weather_1773
1774,weather_1774
1775,weather_1775
1776,weather_1776
1777,weather_1777
1778,weather_1778
1779,weather_1779
1780,weather_1780
1781,weather_1781
1782,weather_1782
1783,weather_1783
1784,weather_1784
1785,weather_1785
1786,weather_1786
1787,weather_1787
1788,weather_1788
1789,weather_1789
1790,weather_1790
1791,weather_1791
1792,weather_1792
1793,weather_1793
1794,weather_1794
1795,weather_1795
1796,weather_1796
1797,weather_1797
1798,weather_1798
1799,weather_1799
1800,weather_1800
1801,weather_1801
1802,weather_1802
1803,weather_1803
1804,weather_1804
1805,weather_1805
1806,weather_1806
1807,weather_1807
1808,weather_1808
1809,weather_1809
1810,weather_1810
1811,weather_1811
1812,weather_1812
1813,weather_1813
1814,weather_1814
1815,weather_1815
1816,weather_1816
1817,weather_1817
1818,weather_1818
1819,weather_1819
1820,weather_1820
1821,weather_1821
1822,weather_1822
1823,weather_1823
1824,weather_1824
1825,weather_1825
1826,weather_1826
1827,weather_1827
1828,weather_1828
1829,weather_1829
1830,weather_1830
1831,weather_1831
1832,weather_1832
1833,weather_1833
1834,weather_1834
1835,weather_1835
1836,weather_1836
1837,weather_1837
1838,weather_1838
1839,weather_1839
1840,weather_1840
1841,weather_1841
1842,weather_1842
1843,weather_1843
1844,weather_1844
1845,weather_1845
1846,weather_1846
1847,weather_1847
1848,weather_1848
1849,weather_1849
1850,weather_1850
1851,weather_1851
1852,weather_1852
1853,weather_1853
1854,weather_1854
1855,weather_1855
1856,weather_1856
1857,weather_1857
1858,weather_1858
1859,weather_1859
1860,weather_1860
1861,weather_1861
1862,weather_1862
1863,weather_1863
1864,weather_1864
1865,weather_1865
1866,weather_1866
1867,weather_1867
1868,weather_1868
1869,weather_1869
1870,weather_1870
1871,weather_1871
1872,weather_1872
1873,weather_1873
1874,weather_1874
1875,weather_1875
1876,weather_1876
1877,weather_1877
1878,weather_1878
1879,weather_1879
1880,weather_1880
1881,weather_1881
1882,weather_1882
1883,weather_1883
1884,weather_1884
1885,weather_1885
1886,weather_1886
1887,weather_1887
1888,weather_1888
1889,weather_1889
1890,weather_1890
1891,weather_1891
1892,weather_1892
1893,weather_1893
1894,weather_1894
1895,weather_1895
1896,weather_1896
1897,weather_1897
1898,weather_1898
1899,weather_1899
1900,weather_1900
1901,weather_1901
1902,weather_1902
1903,weather_1903
1904,weather_1904
1905,weather_1905
1906,weather_1906
1907,weather_1907
1908,weather_1908
1909,weather_1909
1910,weather_1910
1911,weather_1911
1912,weather_1912
1913,weather_1913
1914,weather_1914
1915,weather_1915
1916,weather_1916
1917,weather_1917
1918,weather_1918
1919,weather_1919
1920,weather_1920
1921,weather_1921
1922,weather_1922
1923,weather_1923
1924,weather_1924
1925,weather_1925
1926,weather_1926
1927,weather_1927
1928,weather_1928
1929,weather_1929
1930,weather_1930
1931,weather_1931
1932,weather_1932
1933,weather_1933
1934,weather_1934
1935,weather_1935
1936,weather_1936
1937,weather_1937
1938,weather_1938
1939,weather_1939
1940,weather_1940
1941,weather_1941
1942,weather_1942
1943,weather_1943
1944,weather_1944
1945,weather_1945
1946,weather_1946
1947,weather_1947
1948,weather_1948
1949,weather_1949
1950,weather_1950
1951,weather_1951
1952,weather_1952
1953,weather_1953
1954,weather_1954
1955,weather_1955
1956,weather_1956
1957,weather_1957
1958,weather_1958
1959,weather_1959
1960,weather_1960
1961,weather_1961
1962,weather_1962
1963,weather_1963
1964,weather_1964
1965,weather_1965
1966,weather_1966
1967,weather_1967
1968,weather_1968
1969,weather_1969
1970,weather_1970
1971,weather_1971
1972,weather_1972
1973,weather_1973
1974,weather_1974
1975,weather_1975
1976,weather_1976
1977,weather_1977
1978,weather_1978
1979,weather_1979
1980,weather_1980
1981,weather_1981
1982,weather_1982
1983,weather_1983
1984,weather_1984
1985,weather_1985
1986,weather_1986
1987,weather_1987
1988,weather_1988
1989,weather_1989
1990,weather_1990
1991,weather_1991
1992,weather_1992
1993,weather_1993
1994,weather_1994
1995,weather_1995
1996,weather_1996
1997,weather_1997
1998,weather_1998
1999,weather_1999
2000,weather_2000
2001,weather_2001
2002,weather_2002
2003,weather_2003
2004,weather_2004
2005,weather_2005
2006,weather_2006
2007,weather_2007
2008,weather_2008
2009,weather_2009
2010,weather_2010
2011,weather_2011
2012,weather_2012
2013,weather_2013
2014,weather_2014
2015,weather_2015
2016,weather_2016
2017,weather_2017
2018,weather_2018
2019,weather_2019
2020,weather_2020
2021,weather_2021
2022,weather_2022
2023,weather_2023
2024,weather_2024
2025,weather_2025
2026,weather_2026
2027,weather_2027
2028,weather_2028
2029,weather_2029
2030,weather_2030
2031,weather_2031
2032,weather_2032
2033,weather_2033
2034,weather_2034
2035,weather_2035
2036,weather_2036
2037,weather_2037
2038,weather_2038
2039,weather_2039
2040,weather_2040
2041,weather_2041
2042,weather_2042
2043,weather_2043
2044,weather_2044
2045,weather_2045
2046,weather_2046
2047,weather_2047
2048,weather_2048
2049,weather_2049
2050,weather_2050
2051,weather_2051
2052,weather_2052
2053,weather_2053
2054,weather_2054
2055,weather_2055
2056,weather_2056
2057,weather_2057
2058,weather_2058
2059,weather_2059
2060,weather_2060
2061,weather_2061
2062,weather_2062
2063,weather_2063
2064,weather_2064
2065,weather_2065
2066,weather_2066
2067,weather_2067
2068,weather_2068
2069,weather_2069
2070,weather_2070
2071,weather_2071
2072,weather_2072
2073,weather_2073
2074,weather_2074
2075,weather_2075
2076,weather_2076
2077,weather_2077
2078,weather_2078
2079,weather_2079
2080,weather_2080
2081,weather_2081
2082,weather_2082
2083,weather_2083
2084,weather_2084
2085,weather_2085
2086,weather_2086
2087,weather_2087
2088,weather_2088
2089,weather_2089
2090,weather_2090
2091,weather_2091
2092,weather_2092
2093,weather_2093
2094,weather_2094
2095,weather_2095
2096,weather_2096
2097,weather_2097
2098,weather_2098
2099,weather_2099
2100,weather_2100
2101,weather_2101
2102,weather_2102
2103,weather_2103
2104,weather_2104
2105,weather_2105
2106,weather_2106
2107,weather_2107
2108,weather_2108
2109,weather_2109
2110,weather_2110
2111,weather_2111
2112,weather_2112
2113,weather_2113
2114,weather_2114
2115,weather_2115
2116,weather_2116
2117,weather_2117
2118,weather_2118
2119,weather_2119
2120,weather_2120
2121,weather_2121
2122,weather_2122
2123,weather_2123
2124,weather_2124
2125,weather_2125
2126,weather_2126
2127,weather_2127
2128,weather_2128
2129,weather_2129
2130,weather_2130
2131,weather_2131
2132,weather_2132
2133,weather_2133
2134,weather_2134
2135,weather_2135
2136,weather_2136
2137,weather_2137
2138,weather_2138
2139,weather_2139
2140,weather_2140
2141,weather_2141
2142,weather_2142
2143,weather_2143
2144,weather_2144
2145,weather_2145
2146,weather_2146
2147,weather_2147
2148,weather_2148
2149,weather_2149
2150,weather_2150
2151,weather_2151
2152,weather_2152
2153,weather_2153
2154,weather_2154
2155,weather_2155
2156,weather_2156
2157,weather_2157
2158,weather_2158
2159,weather_2159
2160,weather_2160
2161,weather_2161
2162,weather_2162
2163,weather_2163
2164,weather_2164
2165,weather_2165
2166,weather_2166
2167,weather_2167
2168,weather_2168
2169,weather_2169
2170,weather_2170
2171,weather_2171
2172,weather_2172
2173,weather_2173
2174,weather_2174
2175,weather_2175
2176,weather_2176
2177,weather_2177
2178,weather_2178
2179,weather_2179
2180,weather_2180
2181,weather_2181
2182,weather_2182
2183,weather_2183
2184,weather_2184
2185,weather_2185
2186,weather_2186
2187,weather_2187
2188,weather_2188
2189,weather_2189
2190,weather_2190
2191,weather_2191
2192,weather_2192
2193,weather_2193
2194,weather_2194
2195,weather_2195
2196,weather_2196
2197,weather_2197
2198,weather_2198
2199,weather_2199
2200,weather_2200
2201,weather_2201
2202,weather_2202
2203,weather_2203
2204,weather_2204
2205,weather_2205
2206,weather_2206
2207,weather_2207
2208,weather_2208
2209,weather_2209
2210,weather_2210
2211,weather_2211
2212,weather_2212
2213,weather_2213
2214,weather_2214
2215,weather_2215
2216,weather_2216
2217,weather_2217
2218,weather_2218
2219,weather_2219
2220,weather_2220
2221,weather_2221
2222,weather_2222
2223,weather_2223
2224,weather_2224
2225,weather_2225
2226,weather_2226
2227,weather_2227
2228,weather_2228
2229,weather_2229
2230,weather_2230
2231,weather_2231
2232,weather_2232
2233,weather_2233
2234,weather_2234
2235,weather_2235
2236,weather_2236
2237,weather_2237
2238,weather_2238
2239,weather_2239
2240,weather_2240
2241,weather_2241
2242,weather_2242
2243,weather_2243
2244,weather_2244
2245,weather_2245
2246,weather_2246
2247,weather_2247
2248,weather_2248
2249,weather_2249
2250,weather_2250
2251,weather_2251
2252,weather_2252
2253,weather_2253
2254,weather_2254
2255,weather_2255
2256,weather_2256
2257,weather_2257
2258,weather_2258
2259,weather_2259
2260,weather_2260
2261,weather_2261
2262,weather_2262
2263,weather_2263
2264,weather_2264
2265,weather_2265
2266,weather_2266
2267,weather_2267
2268,weather_2268
2269,weather_2269
2270,weather_2270
2271,weather_2271
2272,weather_2272
2273,weather_2273
2274,weather_2274
2275,weather_2275
2276,weather_2276
2277,weather_2277
2278,weather_2278
2279,weather_2279
2280,weather_2280
2281,weather_2281
2282,weather_2282
2283,weather_2283
2284,weather_2284
2285,weather_2285
2286,weather_2286
2287,weather_2287
2288,weather_2288
2289,weather_2289
2290,weather_2290
2291,weather_2291
2292,weather_2292
2293,weather_2293
2294,weather_2294
2295,weather_2295
2296,weather_2296
2297,weather_2297
2298,weather_2298
2299,weather_2299
2300,weather_2300
2301,weather_2301
2302,weather_2302
2303,weather_2303
2304,weather_2304
2305,weather_2305
2306,weather_2306
2307,weather_2307
2308,weather_2308
2309,weather_2309
2310,weather_2310
2311,weather_2311
2312,weather_2312
2313,weather_2313
2314,weather_2314
2315,weather_2315
2316,weather_2316
2317,weather_2317
2318,weather_2318
2319,weather_2319
2320,weather_2320
2321,weather_2321
2322,weather_2322
2323,weather_2323
2324,weather_2324
2325,weather_2325
2326,weather_2326
2327,weather_2327
2328,weather_2328
2329,weather_2329
2330,weather_2330
2331,weather_2331
2332,weather_2332
2333,weather_2333
2334,weather_2334
2335,weather_2335
2336,weather_2336
2337,weather_2337
2338,weather_2338
2339,weather_2339
2340,weather_2340
2341,weather_2341
2342,weather_2342
2343,weather_2343
2344,weather_2344
2345,weather_2345
2346,weather_2346
2347,weather_2347
2348,weather_2348
2349,weather_2349
2350,weather_2350
2351,weather_2351
2352,weather_2352
2353,weather_2353
2354,weather_2354
2355,weather_2355
2356,weather_2356
2357,weather_2357
2358,weather_2358
2359,weather_2359
2360,weather_2360
2361,weather_2361
2362,weather_2362
2363,weather_2363
2364,weather_2364
2365,weather_2365
2366,weather_2366
2367,weather_2367
2368,weather_2368
2369,weather_2369
2370,weather_2370
2371,weather_2371
2372,weather_2372
2373,weather_2373
2374,weather_2374
2375,weather_2375
2376,weather_2376
2377,weather_2377
2378,weather_2378
2379,weather_2379
2380,weather_2380
2381,weather_2381
2382,weather_2382
2383,weather_2383
2384,weather_2384
2385,weather_2385
2386,weather_2386
2387,weather_2387
2388,weather_2388
2389,weather_2389
2390,weather_2390
2391,weather_2391
2392,weather_2392
2393,weather_2393
2394,weather_2394
2395,weather_2395
2396,weather_2396
2397,weather_2397
2398,weather_2398
2399,weather_2399
2400,weather_2400
2401,weather_2401
2402,weather_2402
2403,weather_2403
2404,weather_2404
2405,weather_2405
2406,weather_2406
2407,weather_2407
2408,weather_2408
2409,weather_2409
2410,weather_2410
2411,weather_2411
2412,weather_2412
2413,weather_2413
2414,weather_2414
2415,weather_2415
2416,weather_2416
2417,weather_2417
2418,weather_2418
2419,weather_2419
2420,weather_2420
2421,weather_2421
2422,weather_2422
2423,weather_2423
2424,weather_2424
2425,weather_2425
2426,weather_2426
2427,weather_2427
2428,weather_2428
2429,weather_2429
2430,weather_2430
2431,weather_2431
2432,weather_2432
2433,weather_2433
2434,weather_2434
2435,weather_2435
2436,weather_2436
2437,weather_2437
2438,weather_2438
2439,weather_2439
2440,weather_2440
2441,weather_2441
2442,weather_2442
2443,weather_2443
2444,weather_2444
2445,weather_2445
2446,weather_2446
2447,weather_2447
2448,weather_2448
2449,weather_2449
2450,weather_2450
2451,weather_2451
2452,weather_2452
2453,weather_2453
2454,weather_2454
2455,weather_2455
2456,weather_2456
2457,weather_2457
2458,weather_2458
2459,weather_2459
2460,weather_2460
2461,weather_2461
2462,weather_2462
2463,weather_2463
2464,weather_2464
2465,weather_2465
2466,weather_2466
2467,weather_2467
2468,weather_2468
2469,weather_2469
2470,weather_2470
2471,weather_2471
2472,weather_2472
2473,weather_2473
2474,weather_2474
2475,weather_2475
2476,weather_2476
2477,weather_2477
2478,weather_2478
2479,weather_2479
2480,weather_2480
2481,weather_2481
2482,weather_2482
2483,weather_2483
2484,weather_2484
2485,weather_2485
2486,weather_2486
2487,weather_2487
2488,weather_2488
2489,weather_2489
2490,weather_2490
2491,weather_2491
2492,weather_2492
2493,weather_2493
2494,weather_2494
2495,weather_2495
2496,weather_2496
2497,weather_2497
2498,weather_2498
2499,weather_2499
2500,weather_2500
2501,weather_2501
2502,weather_2502
2503,weather_2503
2504,weather_2504
2505,weather_2505
2506,weather_2506
2507,weather_2507
2508,weather_2508
2509,weather_2509
2510,weather_2510
2511,weather_2511
2512,weather_2512
2513,weather_2513
2514,weather_2514
2515,weather_2515
2516,weather_2516
2517,weather_2517
2518,weather_2518
2519,weather_2519
2520,weather_2520
2521,weather_2521
2522,weather_2522
2523,weather_2523
2524,weather_2524
2525,weather_2525
2526,weather_2526
2527,weather_2527
2528,weather_2528
2529,weather_2529
2530,weather_2530
2531,weather_2531
2532,weather_2532
2533,weather_2533
2534,weather_2534
2535,weather_2535
2536,weather_2536
2537,weather_2537
2538,weather_2538
2539,weather_2539
2540,weather_2540
2541,weather_2541
2542,weather_2542
2543,weather_2543
2544,weather_2544
2545,weather_2545
2546,weather_2546
2547,weather_2547
2548,weather_2548
2549,weather_2549
2550,weather_2550
2551,weather_2551
2552,weather_2552
2553,weather_2553
2554,weather_2554
2555,weather_2555
2556,weather_2556
2557,weather_2557
2558,weather_2558
2559,weather_2559
2560,weather_2560
2561,weather_2561
2562,weather_2562
2563,weather_2563
2564,weather_2564
2565,weather_2565
2566,weather_2566
2567,weather_2567
2568,weather_2568
2569,weather_2569
2570,weather_2570
2571,weather_2571
2572,weather_2572
2573,weather_2573
2574,weather_2574
2575,weather_2575
2576,weather_2576
2577,weather_2577
2578,weather_2578
2579,weather_2579
2580,weather_2580
2581,weather_2581
2582,weather_2582
2583,weather_2583
2584,weather_2584
2585,weather_2585
2586,weather_2586
2587,weather_2587
2588,weather_2588
2589,weather_2589
2590,weather_2590
2591,weather_2591
2592,weather_2592
2593,weather_2593
2594,weather_2594
2595,weather_2595
2596,weather_2596
2597,weather_2597
2598,weather_2598
2599,weather_2599
2600,weather_2600
2601,weather_2601
2602,weather_2602
2603,weather_2603
2604,weather_2604
2605,weather_2605
2606,weather_2606
2607,weather_2607
2608,weather_2608
2609,weather_2609
2610,weather_2610
2611,weather_2611
2612,weather_2612
2613,weather_2613
2614,weather_2614
2615,weather_2615
2616,weather_2616
2617,weather_2617
2618,weather_2618
2619,weather_2619
2620,weather_2620
2621,weather_2621
2622,weather_2622
2623,weather_2623
2624,weather_2624
2625,weather_2625
2626,weather_2626
2627,weather_2627
2628,weather_2628
2629,weather_2629
2630,weather_2630
2631,weather_2631
2632,weather_2632
2633,weather_2633
2634,weather_2634
2635,weather_2635
2636,weather_2636
2637,weather_2637
2638,weather_2638
2639,weather_2639
2640,weather_2640
2641,weather_2641
2642,weather_2642
2643,weather_2643
2644,weather_2644
2645,weather_2645
2646,weather_2646
2647,weather_2647
2648,weather_2648
2649,weather_2649
2650,weather_2650
2651,weather_2651
2652,weather_2652
2653,weather_2653
2654,weather_2654
2655,weather_2655
2656,weather_2656
2657,weather_2657
2658,weather_2658
2659,weather_2659
2660,weather_2660
2661,weather_2661
2662,weather_2662
2663,weather_2663
2664,weather_2664
2665,weather_2665
2666,weather_2666
2667,weather_2667
2668,weather_2668
2669,weather_2669
2670,weather_2670
2671,weather_2671
2672,weather_2672
2673,weather_2673
2674,weather_2674
2675,weather_2675
2676,weather_2676
2677,weather_2677
2678,weather_2678
2679,weather_2679
2680,weather_2680
2681,weather_2681
2682,weather_2682
2683,weather_2683
2684,weather_2684
2685,weather_2685
2686,weather_2686
2687,weather_2687
2688,weather_2688
2689,weather_2689
2690,weather_2690
2691,weather_2691
2692,weather_2692
2693,weather_2693
2694,weather_2694
2695,weather_2695
2696,weather_2696
2697,weather_2697
2698,weather_2698
2699,weather_2699
2700,weather_2700
2701,weather_2701
2702,weather_2702
2703,weather_2703
2704,weather_2704
2705,weather_2705
2706,weather_2706
2707,weather_2707
2708,weather_2708
2709,weather_2709
2710,weather_2710
2711,weather_2711
2712,weather_2712
2713,weather_2713
2714,weather_2714
2715,weather_2715
2716,weather_2716
2717,weather_2717
2718,weather_2718
2719,weather_2719
2720,weather_2720
2721,weather_2721
2722,weather_2722
2723,weather_2723
2724,weather_2724
2725,weather_2725
2726,weather_2726
2727,weather_2727
2728,weather_2728
2729,weather_2729
2730,weather_2730
2731,weather_2731
2732,weather_2732
2733,weather_2733
2734,weather_2734
2735,weather_2735
2736,weather_2736
2737,weather_2737
2738,weather_2738
2739,weather_2739
2740,weather_2740
2741,weather_2741
2742,weather_2742
2743,weather_2743
2744,weather_2744
2745,weather_2745
2746,weather_2746
2747,weather_2747
2748,weather_2748
2749,weather_2749
2750,weather_2750
2751,weather_2751
2752,weather_2752
2753,weather_2753
2754,weather_2754
2755,weather_2755
2756,weather_2756
2757,weather_2757
2758,weather_2758
2759,weather_2759
2760,weather_2760
2761,weather_2761
2762,weather_2762
2763,weather_2763
2764,weather_2764
2765,weather_2765
2766,weather_2766
2767,weather_2767
2768,weather_2768
2769,weather_2769
2770,weather_2770
2771,weather_2771
2772,weather_2772
2773,weather_2773
2774,weather_2774
2775,weather_2775
2776,weather_2776
2777,weather_2777
2778,weather_2778
2779,weather_2779
2780,weather_2780
2781,weather_2781
2782,weather_2782
2783,weather_2783
2784,weather_2784
2785,weather_2785
2786,weather_2786
2787,weather_2787
2788,weather_2788
2789,weather_2789
2790,weather_2790
2791,weather_2791
2792,weather_2792
2793,weather_2793
2794,weather_2794
2795,weather_2795
2796,weather_2796
2797,weather_2797
2798,weather_2798
2799,weather_2799
2800,weather_2800
2801,weather_2801
2802,weather_2802
2803,weather_2803
2804,weather_2804
2805,weather_2805
2806,weather_2806
2807,weather_2807
2808,weather_2808
2809,weather_2809
2810,weather_2810
2811,weather_2811
2812,weather_2812
2813,weather_2813
2814,weather_2814
2815,weather_2815
2816,weather_2816
2817,weather_2817
2818,weather_2818
2819,weather_2819
2820,weather_2820
2821,weather_2821
2822,weather_2822
2823,weather_2823
2824,weather_2824
2825,weather_2825
2826,weather_2826
2827,weather_2827
2828,weather_2828
2829,weather_2829
2830,weather_2830
2831,weather_2831
2832,weather_2832
2833,weather_2833
2834,weather_2834
2835,weather_2835
2836,weather_2836
2837,weather_2837
2838,weather_2838
2839,weather_2839
2840,weather_2840
2841,weather_2841
2842,weather_2842
2843,weather_2843
2844,weather_2844
2845,weather_2845
2846,weather_2846
2847,weather_2847
2848,weather_2848
2849,weather_2849
2850,weather_2850
2851,weather_2851
2852,weather_2852
2853,weather_2853
2854,weather_2854
2855,weather_2855
2856,weather_2856
2857,weather_2857
2858,weather_2858
2859,weather_2859
2860,weather_2860
2861,weather_2861
2862,weather_2862
2863,weather_2863
2864,weather_2864
2865,weather_2865
2866,weather_2866
2867,weather_2867
2868,weather_2868
2869,weather_2869
2870,weather_2870
2871,weather_2871
2872,weather_2872
2873,weather_2873
2874,weather_2874
2875,weather_2875
2876,weather_2876
2877,weather_2877
2878,weather_2878
2879,weather_2879
2880,weather_2880
2881,weather_2881
2882,weather_2882
2883,weather_2883
2884,weather_2884
2885,weather_2885
2886,weather_2886
2887,weather_2887
2888,weather_2888
2889,weather_2889
2890,weather_2890
2891,weather_2891
2892,weather_2892
2893,weather_2893
2894,weather_2894
2895,weather_2895
2896,weather_2896
2897,weather_2897
2898,weather_2898
2899,weather_2899
2900,weather_2900
2901,weather_2901
2902,weather_2902
2903,weather_2903
2904,weather_2904
2905,weather_2905
2906,weather_2906
2907,weather_2907
2908,weather_2908
2909,weather_2909
2910,weather_2910
2911,weather_2911
2912,weather_2912
2913,weather_2913
2914,weather_2914
2915,weather_2915
2916,weather_2916
2917,weather_2917
2918,weather_2918
2919,weather_2919
2920,weather_2920
2921,weather_2921
2922,weather_2922
2923,weather_2923
2924,weather_2924
2925,weather_2925
2926,weather_2926
2927,weather_2927
2928,weather_2928
2929,weather_2929
2930,weather_2930
2931,weather_2931
2932,weather_2932
2933,weather_2933
2934,weather_2934
2935,weather_2935
2936,weather_2936
2937,weather_2937
2938,weather_2938
2939,weather_2939
2940,weather_2940
2941,weather_2941
2942,weather_2942
2943,weather_2943
2944,weather_2944
2945,weather_2945
2946,weather_2946
2947,weather_2947
2948,weather_2948
2949,weather_2949
2950,weather_2950
2951,weather_2951
2952,weather_2952
2953,weather_2953
2954,weather_2954
2955,weather_2955
2956,weather_2956
2957,weather_2957
2958,weather_2958
2959,weather_2959
2960,weather_2960
2961,weather_2961
2962,weather_2962
2963,weather_2963
2964,weather_2964
2965,weather_2965
2966,weather_2966
2967,weather_2967
2968,weather_2968
2969,weather_2969
2970,weather_2970
2971,weather_2971
2972,weather_2972
2973,weather_2973
2974,weather_2974
2975,weather_2975
2976,weather_2976
2977,weather_2977
2978,weather_2978
2979,weather_2979
2980,weather_2980
2981,weather_2981
2982,weather_2982
2983,weather_2983
2984,weather_2984
2985,weather_2985
2986,weather_2986
2987,weather_2987
2988,weather_2988
2989,weather_2989
2990,weather_2990
2991,weather_2991
2992,weather_2992
2993,weather_2993
2994,weather_2994
2995,weather_2995
2996,weather_2996
2997,weather_2997
2998,weather_2998
2999,weather_2999
3000,weather_3000
3001,weather_3001
3002,weather_3002
3003,weather_3003
3004,weather_3004
3005,weather_3005
3006,weather_3006
3007,weather_3007
3008,weather_3008
3009,weather_3009
3010,weather_3010
3011,weather_3011
3012,weather_3012
3013,weather_3013
3014,weather_3014
3015,weather_3015
3016,weather_3016
3017,weather_3017
3018,weather_3018
3019,weather_3019
3020,weather_3020
3021,weather_3021
3022,weather_3022
3023,weather_3023
3024,weather_3024
3025,weather_3025
3026,weather_3026
3027,weather_3027
3028,weather_3028
3029,weather_3029
3030,weather_3030
3031,weather_3031
3032,weather_3032
3033,weather_3033
3034,weather_3034
3035,weather_3035
3036,weather_3036
3037,weather_3037
3038,weather_3038
3039,weather_3039
3040,weather_3040
3041,weather_3041
3042,weather_3042
3043,weather_3043
3044,weather_3044
3045,weather_3045
3046,weather_3046
3047,weather_3047
3048,weather_3048
3049,weather_3049
3050,weather_3050
3051,weather_3051
3052,weather_3052
3053,weather_3053
3054,weather_3054
3055,weather_3055
3056,weather_3056
3057,weather_3057
3058,weather_3058
3059,weather_3059
3060,weather_3060
3061,weather_3061
3062,weather_3062
3063,weather_3063
3064,weather_3064
3065,weather_3065
3066,weather_3066
3067,weather_3067
3068,weather_3068
3069,weather_3069
3070,weather_3070
3071,weather_3071
3072,weather_3072
3073,weather_3073
3074,weather_3074
3075,weather_3075
3076,weather_3076
3077,weather_3077
3078,weather_3078
3079,weather_3079
3080,weather_3080
3081,weather_3081
3082,weather_3082
3083,weather_3083
3084,weather_3084
3085,weather_3085
3086,weather_3086
3087,weather_3087
3088,weather_3088
3089,weather_3089
3090,weather_3090
3091,weather_3091
3092,weather_3092
3093,weather_3093
3094,weather_3094
3095,weather_3095
3096,weather_3096
3097,weather_3097
3098,weather_3098
3099,weather_3099
3100,weather_3100
3101,weather_3101
3102,weather_3102
3103,weather_3103
3104,weather_3104
3105,weather_3105
3106,weather_3106
3107,weather_3107
3108,weather_3108
3109,weather_3109
3110,weather_3110
3111,weather_3111
3112,weather_3112
3113,weather_3113
3114,weather_3114
3115,weather_3115
3116,weather_3116
3117,weather_3117
3118,weather_3118
3119,weather_3119
3120,weather_3120
3121,weather_3121
3122,weather_3122
3123,weather_3123
3124,weather_3124
3125,weather_3125
3126,weather_3126
3127,weather_3127
3128,weather_3128
3129,weather_3129
3130,weather_3130
3131,weather_3131
3132,weather_3132
3133,weather_3133
3134,weather_3134
3135,weather_3135
3136,weather_3136
3137,weather_3137
3138,weather_3138
3139,weather_3139
3140,weather_3140
3141,weather_3141
3142,weather_3142
3143,weather_3143
3144,weather_3144
3145,weather_3145
3146,weather_3146
3147,weather_3147
3148,weather_3148
3149,weather_3149
3150,weather_3150
3151,weather_3151
3152,weather_3152
3153,weather_3153
3154,weather_3154
3155,weather_3155
3156,weather_3156
3157,weather_3157
3158,weather_3158
3159,weather_3159
3160,weather_3160
3161,weather_3161
3162,weather_3162
3163,weather_3163
3164,weather_3164
3165,weather_3165
3166,weather_3166
3167,weather_3167
3168,weather_3168
3169,weather_3169
3170,weather_3170
3171,weather_3171
3172,weather_3172
3173,weather_3173
3174,weather_3174
3175,weather_3175
3176,weather_3176
3177,weather_3177
3178,weather_3178
3179,weather_3179
3180,weather_3180
3181,weather_3181
3182,weather_3182
3183,weather_3183
3184,weather_3184
3185,weather_3185
3186,weather_3186
3187,weather_3187
3188,weather_3188
3189,weather_3189
3190,weather_3190
3191,weather_3191
3192,weather_3192
3193,weather_3193
3194,weather_3194
3195,weather_3195
3196,weather_3196
3197,weather_3197
3198,weather_3198
3199,weather_3199
3200,weather_3200
3201,weather_3201
3202,weather_3202
3203,weather_3203
3204,weather_3204
3205,weather_3205
3206,weather_3206
3207,weather_3207
3208,weather_3208
3209,weather_3209
3210,weather_3210
3211,weather_3211
3212,weather_3212
3213,weather_3213
3214,weather_3214
3215,weather_3215
3216,weather_3216
3217,weather_3217
3218,weather_3218
3219,weather_3219
3220,weather_3220
3221,weather_3221
3222,weather_3222
3223,weather_3223
3224,weather_3224
3225,weather_3225
3226,weather_3226
3227,weather_3227
3228,weather_3228
3229,weather_3229
3230,weather_3230
3231,weather_3231
3232,weather_3232
3233,weather_3233
3234,weather_3234
3235,weather_3235
3236,weather_3236
3237,weather_3237
3238,weather_3238
3239,weather_3239
3240,weather_3240
3241,weather_3241
3242,weather_3242
3243,weather_3243
3244,weather_3244
3245,weather_3245
3246,weather_3246
3247,weather_3247
3248,weather_3248
3249,weather_3249
3250,weather_3250
3251,weather_3251
3252,weather_3252
3253,weather_3253
3254,weather_3254
3255,weather_3255
3256,weather_3256
3257,weather_3257
3258,weather_3258
3259,weather_3259
3260,weather_3260
3261,weather_3261
3262,weather_3262
3263,weather_3263
3264,weather_3264
3265,weather_3265
3266,weather_3266
3267,weather_3267
3268,weather_3268
3269,weather_3269
3270,weather_3270
3271,weather_3271
3272,weather_3272
3273,weather_3273
3274,weather_3274
3275,weather_3275
3276,weather_3276
3277,weather_3277
3278,weather_3278
3279,weather_3279
3280,weather_3280
3281,weather_3281
3282,weather_3282
3283,weather_3283
3284,weather_3284
3285,weather_3285
3286,weather_3286
3287,weather_3287
3288,weather_3288
3289,weather_3289
3290,weather_3290
3291,weather_3291
3292,weather_3292
3293,weather_3293
3294,weather_3294
3295,weather_3295
3296,weather_3296
3297,weather_3297
3298,weather_3298
3299,weather_3299
3300,weather_3300
3301,weather_3301
3302,weather_3302
3303,weather_3303
3304,weather_3304
3305,weather_3305
3306,weather_3306
3307,weather_3307
3308,weather_3308
3309,weather_3309
3310,weather_3310
3311,weather_3311
3312,weather_3312
3313,weather_3313
3314,weather_3314
3315,weather_3315
3316,weather_3316
3317,weather_3317
3318,weather_3318
3319,weather_3319
3320,weather_3320
3321,weather_3321
3322,weather_3322
3323,weather_3323
3324,weather_3324
3325,weather_3325
3326,weather_3326
3327,weather_3327
3328,weather_3328
3329,weather_3329
3330,weather_3330
3331,weather_3331
3332,weather_3332
3333,weather_3333
3334,weather_3334
3335,weather_3335
3336,weather_3336
3337,weather_3337
3338,weather_3338
3339,weather_3339
3340,weather_3340
3341,weather_3341
3342,weather_3342
3343,weather_3343
3344,weather_3344
3345,weather_3345
3346,weather_3346
3347,weather_3347
3348,weather_3348
3349,weather_3349
3350,weather_3350
3351,weather_3351
3352,weather_3352
3353,weather_3353
3354,weather_3354
3355,weather_3355
3356,weather_3356
3357,weather_3357
3358,weather_3358
3359,weather_3359
3360,weather_3360
3361,weather_3361
3362,weather_3362
3363,weather_3363
3364,weather_3364
3365,weather_3365
3366,weather_3366
3367,weather_3367
3368,weather_3368
3369,weather_3369
3370,weather_3370
3371,weather_3371
3372,weather_3372
3373,weather_3373
3374,weather_3374
3375,weather_3375
3376,weather_3376
3377,weather_3377
3378,weather_3378
3379,weather_3379
3380,weather_3380
3381,weather_3381
3382,weather_3382
3383,weather_3383
3384,weather_3384
3385,weather_3385
3386,weather_3386
3387,weather_3387
3388,weather_3388
3389,weather_3389
3390,weather_3390
3391,weather_3391
3392,weather_3392
3393,weather_3393
3394,weather_3394
3395,weather_3395
3396,weather_3396
3397,weather_3397
3398,weather_3398
3399,weather_3399
3400,weather_3400
3401,weather_3401
3402,weather_3402
3403,weather_3403
3404,weather_3404
3405,weather_3405
3406,weather_3406
3407,weather_3407
3408,weather_3408
3409,weather_3409
3410,weather_3410
3411,weather_3411
3412,weather_3412
